Jodee,jwardlow0@squarespace.com,Female
Windham,wrotte1@cmu.edu,Male
Melisandra,mbing2@mediafire.com,Female
Abba,adixcey3@twitpic.com,Male
Daryl,dfelgat4@wired.com,Male
Robinet,rglasebrook5@china.com.cn,Female
Jehu,jkillingsworth6@mashable.com,Male
Olwen,oorrobin7@free.fr,Female
Roma,rstockle8@webeden.co.uk,Male
Michaelina,mguterson9@about.com,Genderqueer
Renato,rarenta@nasa.gov,Male
Orbadiah,oohlsenb@yahoo.com,Male
Myrvyn,mferentzc@sphinn.com,Male
Enrika,epulteneyed@over-blog.com,Female
Claresta,cfoyee@indiatimes.com,Female
Charmane,cloghanf@slideshare.net,Female
Cecil,cduffrieg@cargocollective.com,Male
Frasco,fmcgoochh@sbwire.com,Male
Ange,alabeuili@gravatar.com,Female
Pippa,peveristj@pcworld.com,Female
Zabrina,zparmleyk@csmonitor.com,Female
Torrence,tspaceyl@msn.com,Male
Florri,fmordeym@tamu.edu,Female
See,scourtliffn@amazon.de,Male
Freddy,fseatero@usda.gov,Male
Clayborne,cpendrickp@wunderground.com,Male
Helaine,hhalfheadq@imdb.com,Female
Earl,esyphasr@aol.com,Male
Morey,mcoarsers@prlog.org,Male
Gayelord,gfalshawt@state.gov,Male
Candida,cwelbournu@slashdot.org,Female
Zane,zbrissev@globo.com,Polygender
Tammara,tmalehamw@instagram.com,Female
Zachariah,zeccersleyx@theatlantic.com,Male
Trenna,tdobbyy@gmpg.org,Female
Hailey,htorrz@blogger.com,Male
Brooks,bilyunin10@comcast.net,Male
Jervis,jdrummond11@networkadvertising.org,Male
Jarrod,jericssen12@ihg.com,Male
Lorenzo,llidgate13@github.com,Male
Linc,lturbard14@comsenz.com,Male
Patsy,pgynn15@ihg.com,Male
Tobye,tbuxcy16@xing.com,Female
Sayers,slannon17@phoca.cz,Male
Moria,mbauldrey18@goo.gl,Female
Arman,aspadollini19@tmall.com,Polygender
Estella,eocanavan1a@clickbank.net,Female
Raina,rbuse1b@fastcompany.com,Female
Jasmin,jromagnosi1c@wired.com,Female
Theodore,tbabbage1d@columbia.edu,Male
Shellie,sgrabiec1e@theatlantic.com,Female
Cirilo,callder1f@hatena.ne.jp,Male
Norean,nalwell1g@irs.gov,Female
Lorraine,lbortoletti1h@furl.net,Female
Irwin,ichumley1i@bloglovin.com,Male
Federica,fdelacour1j@com.com,Female
Ethe,ecolley1k@typepad.com,Bigender
Patric,pverryan1l@wordpress.org,Male
Holli,hmeadowcraft1m@slideshare.net,Female
Jacki,jpaulat1n@phpbb.com,Female
Crawford,cownsworth1o@ustream.tv,Male
Martynne,mblackney1p@amazonaws.com,Female
Bobine,bcollinson1q@a8.net,Female
Ripley,rtinniswood1r@ifeng.com,Male
Glad,gbartozzi1s@vimeo.com,Female
Wyndham,wswindells1t@tuttocitta.it,Male
Cheslie,ccapey1u@blogspot.com,Female
Rozanna,rdelieu1v@unc.edu,Female
Wilhelm,wespinet1w@t.co,Male
Bill,bmaccardle1x@businessinsider.com,Female
Gothart,gshafier1y@dell.com,Male
Algernon,agrestye1z@wikia.com,Male
Wendie,wflann20@hhs.gov,Female
Katheryn,kmurfin21@uiuc.edu,Female
Karel,kmcandie22@i2i.jp,Male
Waldon,wfolke23@de.vu,Male
Emelyne,enaulty24@cisco.com,Female
Kynthia,kgerasch25@toplist.cz,Female
Serge,sfenby26@mapy.cz,Male
Eleanore,ephateplace27@about.me,Female
Brennan,bmeineking28@devhub.com,Male
Boycie,bownsworth29@ebay.co.uk,Male
Modesty,mpassey2a@360.cn,Female
Lissi,lduffus2b@un.org,Female
Hartley,hdilworth2c@earthlink.net,Male
Kellia,kcamblin2d@examiner.com,Agender
Cullen,cjennings2e@noaa.gov,Male
Humbert,htinline2f@ibm.com,Male
Ruy,rfilinkov2g@hao123.com,Male
Gradeigh,gmckellen2h@slate.com,Male
Leonardo,lbulstrode2i@archive.org,Male
Aarika,atraite2j@bloomberg.com,Bigender
Krissie,kdanelet2k@histats.com,Female
Siobhan,slivermore2l@cnet.com,Female
Reggis,rrama2m@twitpic.com,Male
Allen,apelerin2n@123-reg.co.uk,Male
Maggee,mbaistow2o@com.com,Bigender
Therese,tkinglake2p@vimeo.com,Female
Flss,fboss2q@github.com,Female
Babbette,bcadd2r@oracle.com,Female
Julius,jlapwood2s@newyorker.com,Genderqueer
Howey,hpidduck2t@hud.gov,Male
Andy,agoldsbrough2u@google.es,Female
Josephine,jwrinch2v@upenn.edu,Agender
Cristy,ctoward2w@geocities.jp,Female
Jammie,jdunphy2x@home.pl,Female
Moria,mgetten2y@miitbeian.gov.cn,Bigender
Ozzy,owyldes2z@blog.com,Male
Findley,fgood30@dion.ne.jp,Male
Beatrix,bhemmingway31@godaddy.com,Female
Judy,jmckevitt32@cdc.gov,Female
Myrle,mventum33@hugedomains.com,Female
Elene,edinsdale34@cdc.gov,Female
Ortensia,oquibell35@uol.com.br,Female
Brandice,bmarshallsay36@drupal.org,Female
Mitchell,mmaides37@wikipedia.org,Male
Weylin,wmckim38@japanpost.jp,Male
Roxanne,rbatalle39@bluehost.com,Female
Nissa,nforton3a@princeton.edu,Female
Page,pmadgwick3b@latimes.com,Male
Jenda,jmcgrudder3c@prlog.org,Female
Emmye,elangmaid3d@home.pl,Female
Irving,ibrittain3e@ask.com,Male
Dulsea,dsimoncelli3f@vimeo.com,Female
Celene,ckepe3g@dropbox.com,Female
Godfrey,ggretham3h@epa.gov,Male
Kirbee,kdiggens3i@nba.com,Female
Eb,epapis3j@ustream.tv,Male
Abbie,aalcock3k@salon.com,Male
Zahara,zinchley3l@google.cn,Female
Caril,codonnell3m@friendfeed.com,Female
Laural,lsaffell3n@reuters.com,Bigender
Giulia,gvarne3o@technorati.com,Female
Mercie,mgrainger3p@msu.edu,Genderfluid
Everett,ehryniewicki3q@seesaa.net,Male
Freddy,fkensy3r@blogspot.com,Male
Huberto,hrapaport3s@elegantthemes.com,Male
Devin,dmallion3t@mashable.com,Female
Juli,jquinnet3u@ca.gov,Female
Walden,wperree3v@constantcontact.com,Bigender
Randie,rrossey3w@parallels.com,Female
Eydie,efilby3x@digg.com,Female
Hattie,hbaldacchi3y@mapquest.com,Female
Damien,dchatfield3z@toplist.cz,Male
Decca,dcaverhill40@bizjournals.com,Male
Timi,tmccurdy41@yelp.com,Female
Rollie,rwebermann42@angelfire.com,Male
Matthieu,msigge43@blogspot.com,Male
Kenyon,kethington44@timesonline.co.uk,Male
Britta,bchastelain45@home.pl,Female
Ailbert,alindenfeld46@vk.com,Male
Joseito,jkilban47@bloglovin.com,Male
Kahaleel,ksimukov48@altervista.org,Male
Talya,tkightly49@alexa.com,Female
Maddi,mmayhow4a@paginegialle.it,Female
Hinze,hmarrian4b@photobucket.com,Male
Shayne,skincaid4c@typepad.com,Female
D'arcy,dportinari4d@google.com.hk,Male
Adolf,alightowlers4e@webnode.com,Male
Frasquito,fliddell4f@linkedin.com,Male
Davita,dmewrcik4g@quantcast.com,Female
Kayle,kwainscot4h@1und1.de,Female
Chaddie,croberds4i@arizona.edu,Male
Reina,rlytlle4j@washingtonpost.com,Female
Noella,ncrotch4k@fda.gov,Female
Vanni,vprosser4l@digg.com,Female
Eddy,emontford4m@va.gov,Genderfluid
Price,ppipet4n@archive.org,Male
Phyllida,pgirardini4o@technorati.com,Female
Min,mzanicchi4p@gizmodo.com,Female
Corbett,cschutze4q@multiply.com,Male
Elsa,emannie4r@google.fr,Female
Mariele,meastlake4s@google.co.uk,Female
Lynette,lmacgettigen4t@hao123.com,Female
Gwendolen,gmelbourne4u@cam.ac.uk,Female
Matthiew,mmccroary4v@bloglovin.com,Male
Edwin,epettican4w@wikia.com,Male
Norean,nlichfield4x@live.com,Female
Edgar,echipchase4y@infoseek.co.jp,Male
Harold,hdeighan4z@wufoo.com,Male
Renado,rgellibrand50@dailymotion.com,Male
Brander,bhouchin51@furl.net,Male
Dolores,dmaccaughan52@usgs.gov,Female
Viviana,vcotterell53@gizmodo.com,Female
Oswell,oeyrl54@independent.co.uk,Male
Callie,cminto55@elpais.com,Female
Filippo,fmainston56@quantcast.com,Male
Carolann,cselwin57@bloglines.com,Female
Stavro,sbunclark58@tmall.com,Male
Ilise,iflieg59@archive.org,Female
Damiano,dlebarr5a@nytimes.com,Male
Federico,frennix5b@china.com.cn,Male
Roana,rwarcop5c@rakuten.co.jp,Female
Ford,fvertey5d@washingtonpost.com,Male
Dalli,dhuscroft5e@symantec.com,Male
Loraine,lgeary5f@lycos.com,Female
Susanetta,smooring5g@is.gd,Female
Pace,pwaddie5h@hud.gov,Male
Philomena,pcomino5i@t-online.de,Female
Dorella,dbener5j@utexas.edu,Female
Josias,jthredder5k@elegantthemes.com,Male
Raddy,rmatthiesen5l@tmall.com,Polygender
Cristin,ctugman5m@upenn.edu,Female
Siouxie,stallow5n@privacy.gov.au,Female
Hamnet,hdurtnel5o@upenn.edu,Male
Bartholomew,bcisar5p@alexa.com,Male
Gussie,gavramchik5q@blogs.com,Female
Winifred,wnewick5r@youku.com,Genderfluid
Lenette,llockhead5s@ustream.tv,Female
Percy,pmeletti5t@macromedia.com,Male
Ketty,kdicarlo5u@jigsy.com,Female
Giacopo,gdoel5v@washingtonpost.com,Male
Ariadne,aarran5w@elpais.com,Female
Henryetta,hlipman5x@time.com,Female
Gallard,gfenner5y@economist.com,Male
Averell,astucke5z@hatena.ne.jp,Male
Loralie,lturnock60@wsj.com,Female
Arel,agillie61@jimdo.com,Male
Charis,ctreske62@tumblr.com,Genderqueer
Andeee,ahannabuss63@feedburner.com,Female
Rodge,roffiler64@themeforest.net,Male
Micheline,mseid65@comsenz.com,Female
Kit,kbaile66@eventbrite.com,Bigender
Glory,gmitton67@jigsy.com,Female
Gustav,gtithacott68@timesonline.co.uk,Male
Boote,bpaterno69@digg.com,Male
Nicola,ndalgarnocht6a@ycombinator.com,Female
Gilburt,gcremer6b@cbc.ca,Polygender
Toby,thaslewood6c@addtoany.com,Non-binary
Brigid,bclausewitz6d@blogtalkradio.com,Bigender
Lon,lcristou6e@examiner.com,Male
Gabbie,gportail6f@pagesperso-orange.fr,Male
Robert,reyres6g@artisteer.com,Male
Malory,mphythien6h@google.it,Female
Maisie,mkeep6i@skype.com,Female
Leta,lmaron6j@bloglovin.com,Female
Gerrilee,gstledger6k@liveinternet.ru,Female
Tyson,torrah6l@tamu.edu,Male
Hillery,hklimashevich6m@comcast.net,Male
Rowena,rcudihy6n@nytimes.com,Female
Tiphanie,tnaris6o@stumbleupon.com,Female
Nikki,ncissen6p@nih.gov,Male
Reinald,rrosel6q@about.me,Male
Ruggiero,rdowbiggin6r@cafepress.com,Non-binary
Pauly,pkingdon6s@ucsd.edu,Male
Berkeley,bbeedom6t@usgs.gov,Male
Emmi,eritchman6u@archive.org,Female
Glenna,gpilfold6v@typepad.com,Female
Miof mela,mbroggio6w@nifty.com,Female
Hall,hlitherland6x@spotify.com,Male
Cordula,cbattabee6y@vk.com,Female
Louie,lbridel6z@discovery.com,Male
Kerby,kbarles70@google.cn,Male
Pablo,pendicott71@tripadvisor.com,Male
Nara,nmoraleda72@barnesandnoble.com,Female
Fern,fmarquet73@earthlink.net,Female
Garvey,ghemshall74@dyndns.org,Male
Arlin,abarden75@fastcompany.com,Male
Dredi,dblackmore76@abc.net.au,Non-binary
Nadine,nronaghan77@canalblog.com,Female
Cindelyn,cgilhouley78@studiopress.com,Female
Amber,asteinham79@webeden.co.uk,Female
Dawna,dpoag7a@ucoz.ru,Female
Mikael,mputnam7b@washingtonpost.com,Male
Gil,gbrickham7c@illinois.edu,Male
Lenee,lmangam7d@smh.com.au,Female
Caroljean,cbhar7e@jiathis.com,Female
Kip,kcommings7f@irs.gov,Female
Augie,aisakovitch7g@examiner.com,Male
Joby,jluigi7h@nymag.com,Female
Ardelia,afegan7i@earthlink.net,Female
Morissa,mbarrott7j@zdnet.com,Bigender
Nat,ncitrine7k@skyrock.com,Male
Kassia,kpilmer7l@patch.com,Female
Theda,tclemenson7m@theglobeandmail.com,Female
Dinnie,dsackey7n@freewebs.com,Female
Corbet,cstooders7o@economist.com,Male
Hatty,hreddin7p@devhub.com,Female
Delia,dbracknell7q@cargocollective.com,Female
Park,psibson7r@1688.com,Male
Sibley,sbroadnicke7s@diigo.com,Female
Tiffanie,tdrinkale7t@discuz.net,Female
Dollie,dkinchington7u@jiathis.com,Female
Wald,wrosetti7v@google.pl,Male
Nicol,nwhiteside7w@xing.com,Male
Elke,epalk7x@facebook.com,Female
Gratiana,geaddy7y@plala.or.jp,Female
Beth,bscolts7z@intel.com,Female
Kile,kdecoursey80@paginegialle.it,Genderqueer
Ricky,rdefrain81@youtube.com,Genderfluid
Gabriella,gludwikiewicz82@webs.com,Female
Ethelin,emckeurtan83@hc360.com,Female
Ray,rmaven84@1688.com,Male
Blinny,bbeacham85@exblog.jp,Non-binary
Ginnie,gstucksbury86@homestead.com,Female
Gan,gkach87@w3.org,Male
Retha,rhorsefield88@hugedomains.com,Female
Clyve,cwetton89@nih.gov,Male
Florencia,fdwine8a@deviantart.com,Female
Marjy,msapsforde8b@ocn.ne.jp,Female
Ash,akob8c@google.co.uk,Male
Dinah,disacoff8d@japanpost.jp,Female
Darnell,dvize8e@homestead.com,Polygender
Gennifer,gtampling8f@tiny.cc,Female
Nichol,nrozea8g@noaa.gov,Female
Revkah,rfarquarson8h@nps.gov,Female
Emmaline,ekuhle8i@nsw.gov.au,Female
Flin,fbrittian8j@opera.com,Male
Burnaby,bscramage8k@theguardian.com,Male
Lew,lmcmoyer8l@istockphoto.com,Male
Keefer,kmarke8m@unblog.fr,Male
Giselbert,grylett8n@nymag.com,Male
Casey,cmeindl8o@taobao.com,Bigender
Benjamin,bdefty8p@pcworld.com,Male
Carlyn,cwastall8q@bluehost.com,Female
Celinda,cyoutead8r@prnewswire.com,Female
Stirling,sdeverson8s@mit.edu,Male
Ellie,edevereux8t@reverbnation.com,Female
Gal,gcurl8u@netlog.com,Male
Mikaela,mdewitt8v@xing.com,Polygender
Zebulon,zsambrok8w@wp.com,Male
Mechelle,mbenez8x@twitpic.com,Female
Lyndsie,lpetrina8y@spiegel.de,Female
Hal,hjakoubek8z@last.fm,Male
Nobe,nmacfadzan90@census.gov,Agender
Alick,alewinton91@arizona.edu,Genderfluid
Miran,mdiangelo92@dropbox.com,Female
Del,dlukash93@plala.or.jp,Male
Therese,tdonlon94@hp.com,Female
Aindrea,aperren95@sogou.com,Female
Gannon,gpitford96@blogtalkradio.com,Male
Horatio,hgothliff97@msu.edu,Male
West,wconlaund98@diigo.com,Male
Ursola,uivashnyov99@drupal.org,Female
Georgetta,gbostick9a@barnesandnoble.com,Female
Daveta,dbraycotton9b@hostgator.com,Female
Katharyn,kandryushin9c@adobe.com,Female
Itch,isneyd9d@tiny.cc,Male
Jaine,jaikin9e@disqus.com,Female
Hayward,hbliss9f@sciencedaily.com,Male
Alyce,adulling9g@squarespace.com,Female
Gayelord,gysson9h@symantec.com,Male
Wilt,wtatnell9i@is.gd,Male
Maggie,mthicking9j@cdbaby.com,Female
Alexander,amcharg9k@buzzfeed.com,Male
Tedda,tibert9l@alexa.com,Female
Matti,mnicholls9m@gov.uk,Female
May,mbabbe9n@pcworld.com,Female
Rozanna,rnowill9o@imageshack.us,Female
Nicolas,njuliano9p@lycos.com,Male
Mar,mlilliman9q@amazon.co.uk,Male
Alisander,ashilleto9r@arizona.edu,Male
Ania,ahandforth9s@people.com.cn,Female
Camel,ckisbee9t@ox.ac.uk,Female
Tana,tberget9u@washingtonpost.com,Female
Micheil,mdewing9v@posterous.com,Male
Maisie,mglassford9w@typepad.com,Female
Davidde,ddanhel9x@nifty.com,Male
Zeb,ztumayan9y@php.net,Male
Beniamino,brappaport9z@fotki.com,Male
Brendin,bhindera0@unesco.org,Male
Elfrida,etamplinga1@yelp.com,Female
Reginald,rkorna2@woothemes.com,Male
Reube,rfrandsena3@wp.com,Male
Amelita,aibbsa4@army.mil,Female
Dill,dswinnarda5@merriam-webster.com,Male
Calla,csheivelsa6@apple.com,Female
Augie,atembletta7@feedburner.com,Male
Gallagher,gousbiea8@adobe.com,Male
Cristian,clopeza9@amazon.de,Male
Anatollo,agalloneaa@sbwire.com,Genderfluid
Winonah,wbusainab@netvibes.com,Female
Elijah,epedlowac@nifty.com,Male
Daisy,dackhurstad@arizona.edu,Agender
Park,pdonnersbergae@stanford.edu,Male
Che,chorwellaf@sina.com.cn,Male
Bealle,bbagsterag@mtv.com,Agender
Hillier,hguttridgeah@kickstarter.com,Male
Stirling,srawlynsai@merriam-webster.com,Male
Clementius,cpallatinaaj@friendfeed.com,Male
Raffaello,rdanielskiak@blogtalkradio.com,Male
Joya,jshilvockal@angelfire.com,Agender
Devy,dthrasheram@wikipedia.org,Male
Freddi,fjacksan@state.tx.us,Female
Edita,erowenao@seattletimes.com,Female
Rab,rrupertoap@wix.com,Male
Giordano,glidellaq@google.ru,Non-binary
Lynna,lmaughanar@archive.org,Female
Etti,emanassas@tripadvisor.com,Female
Hobey,hpregelat@webnode.com,Non-binary
Evanne,egiovannilliau@hexun.com,Female
Townsend,tbjorkanav@list-manage.com,Male
Danny,dbodhamaw@cdbaby.com,Polygender
Fredrick,fcalleryax@unc.edu,Male
Carly,cverissimoay@smugmug.com,Female
Sandy,sdunkleeaz@ft.com,Female
Carrol,cmccorkellb0@marriott.com,Male
Meara,mscantleburyb1@gnu.org,Female
Karissa,kmorysonb2@elegantthemes.com,Female
Jessika,jtoyneb3@abc.net.au,Female
Izzy,ielfeb4@earthlink.net,Male
Sigfried,sknowllerb5@t.co,Male
Conan,cvilliersb6@reddit.com,Male
Joshua,jfeastb7@noaa.gov,Male
Augusta,alinfittb8@ycombinator.com,Genderfluid
Jorgan,jmacilhargyb9@accuweather.com,Male
Jennica,jamorineba@ustream.tv,Female
Dolph,drivebb@comcast.net,Male
Christa,chavelinebc@last.fm,Female
Marijn,mkingsmillbd@nifty.com,Male
Joanna,jmalatalantbe@infoseek.co.jp,Female
Rockey,rsheachbf@google.com.br,Male
Grange,gpolonbg@1und1.de,Male
Rosalynd,rgreslybh@histats.com,Agender
Eduard,ekikbi@foxnews.com,Male
Alfie,amatusovskybj@bravesites.com,Male
Antone,aluttybk@squidoo.com,Male
Hamnet,hstrothersbl@usatoday.com,Male
Bailie,bkeganbm@cisco.com,Male
Rutherford,rveiversbn@boston.com,Male
Anselma,alawlancebo@ed.gov,Female
Oswell,okuhnbp@foxnews.com,Male
Johnette,jmanusbq@netscape.com,Female
Natka,nemblenbr@tiny.cc,Female
Emily,ehuxstepbs@squidoo.com,Female
Kipp,kcannavanbt@a8.net,Female
Ulrica,umarslandbu@php.net,Female
Bernard,bshepardbv@java.com,Male
Ikey,idoreybw@oracle.com,Male
Mathias,mcraighallbx@unicef.org,Male
Dougy,dwoltersby@latimes.com,Male
Evonne,ebuggebz@smh.com.au,Female
Brant,bnuttingc0@ihg.com,Non-binary
Nye,nkeavyc1@typepad.com,Male
Giuseppe,gduckeringc2@timesonline.co.uk,Male
Silvan,svandenboschc3@bizjournals.com,Male
Dermot,dmyhanc4@statcounter.com,Male
Lissy,lmcshirriec5@examiner.com,Female
Ethelred,eduffync6@washington.edu,Male
Galvan,gbohlc7@studiopress.com,Male
Dane,dbreckenridgec8@xing.com,Genderfluid
Cori,chodginc9@prweb.com,Male
Reynolds,rogbourneca@netvibes.com,Male
Samson,sdearlovecb@goo.ne.jp,Male
Arlena,adunsfordcc@rambler.ru,Female
Joelle,jcasalicd@dropbox.com,Female
Barnebas,bcrinagece@discuz.net,Male
Matty,mstanifordcf@cdbaby.com,Male
Ernestus,ebulfieldcg@tinyurl.com,Male
Luigi,lrydzynskich@imgur.com,Male
Giana,gbellwardci@1688.com,Female
Corrine,coddcj@multiply.com,Non-binary
Sunshine,santhiftleck@google.ru,Female
Corilla,cbultitudecl@xrea.com,Female
Kessia,kburchettcm@e-recht24.de,Female
Myles,mwoollcottcn@photobucket.com,Male
Pablo,ptedmanco@cnbc.com,Male
Tarah,tmugfordcp@buzzfeed.com,Female
Dukie,dfischercq@prlog.org,Male
Chad,cstilingcr@senate.gov,Male
Phineas,proancs@va.gov,Male
Valentine,vredfieldct@xrea.com,Male
Blancha,bemmcu@weibo.com,Genderqueer
Ettore,ehannondcv@quantcast.com,Male
Clare,clammimancw@washingtonpost.com,Female
Michal,mbrissendencx@tmall.com,Male
Timothy,tspradberycy@ed.gov,Male
Loy,lwressellcz@g.co,Male
Ardine,akrelled0@nature.com,Female
Pearle,pcreboed1@eepurl.com,Female
Engracia,ekundtd2@blogspot.com,Genderfluid
Meyer,mbeamontd3@lulu.com,Bigender
Horatio,hmaliad4@bloglines.com,Male
Aleda,aconnichied5@cafepress.com,Bigender
Finlay,fmenghid6@tuttocitta.it,Male
Eunice,eerbd7@amazon.de,Female
Shep,stownsendd8@bbc.co.uk,Male
Mag,mpierrepontd9@icio.us,Female
Sonya,sbertrandda@mayoclinic.com,Bigender
Marcello,mollerhaddb@marketwatch.com,Male
Estella,eskudderdc@usda.gov,Female
Scotty,sgoodwyndd@nature.com,Male
Richart,rtrewhellade@addtoany.com,Male
Marjie,mabrahamsdf@forbes.com,Female
Hannis,hbingelldg@eventbrite.com,Female
Shelagh,sfinlatordh@aol.com,Female
Dorice,dmacenteedi@bloomberg.com,Polygender
Claudetta,cwharfdj@google.ca,Female
Orren,odhooghedk@github.com,Male
Lodovico,lschwerindl@163.com,Male
Eydie,esadlerdm@gov.uk,Female
Kevin,ksmeathdn@bluehost.com,Male
Selie,sfreelanddo@mlb.com,Female
Lannie,ldrinkhalldp@delicious.com,Male
Arv,aschollingdq@cmu.edu,Male
Bayard,bspikinsdr@qq.com,Male
Alonso,asheeresds@cnet.com,Male
Brena,bhutchesondt@craigslist.org,Female
Talbert,tproschekdu@washington.edu,Male
Anton,atumiellidv@wikipedia.org,Male
Murray,mparlordw@reverbnation.com,Male
Otes,oshillabearedx@i2i.jp,Male
Darya,dsenterdy@pagesperso-orange.fr,Genderqueer
Del,dcramonddz@theguardian.com,Male
Ashleigh,acostelloe0@cargocollective.com,Female
Blinnie,bkneele1@yale.edu,Female
Geno,gturmalle2@nyu.edu,Male
Judy,jbridgelande3@weather.com,Female
Dante,dlinche4@biblegateway.com,Male
Nara,ngilchriste5@cdc.gov,Female
Lyndell,ljursche6@vinaora.com,Female
Atalanta,akiralye7@dmoz.org,Genderqueer
Jeana,jiberte8@dropbox.com,Female
Merrile,mfludee9@si.edu,Female
Rolph,rklimochkinea@moonfruit.com,Male
Aurlie,asegereb@w3.org,Female
Meir,mkillenec@marriott.com,Male
Leta,lperdueed@dropbox.com,Agender
Kelci,kralstonee@csmonitor.com,Female
Saul,sklimkovef@ucsd.edu,Male
Evaleen,ezavattarieg@nyu.edu,Female
Sheilah,stroopeh@salon.com,Female
Zandra,zmorcomei@cpanel.net,Female
Andi,aburdassej@friendfeed.com,Female
Stephan,sgomesek@cbslocal.com,Male
Odey,omowattel@ovh.net,Male
Kira,kmellonem@seattletimes.com,Female
Patricia,prathboneen@sogou.com,Bigender
Rosa,rrilletteo@rediff.com,Female
Wallie,wlockleyep@barnesandnoble.com,Male
Michelina,mvarianeq@walmart.com,Female
Harmonia,hvollamer@cdc.gov,Female
Lynn,lleesees@nsw.gov.au,Male
Emmett,eburdounet@scientificamerican.com,Male
Carleton,cmatskevicheu@artisteer.com,Male
Gonzalo,gjeanelev@netlog.com,Male
Karita,kmilvertonew@senate.gov,Female
Debbie,dafonsoex@vimeo.com,Female
Virginie,vagroney@twitter.com,Female
Raynard,rpellmanez@engadget.com,Male
Darius,dwilmoref0@live.com,Male
Evin,emarlinf1@vkontakte.ru,Male
Raddy,rbucknallf2@arstechnica.com,Male
Samuel,skornackif3@engadget.com,Male
Alikee,atwelvesf4@e-recht24.de,Female
Lindsey,lgladdenf5@tinypic.com,Male
Inness,icornillf6@kickstarter.com,Genderfluid
Gillan,gfackneyf7@dailymotion.com,Female
Donaugh,dwitheropf8@statcounter.com,Male
Yancy,ygotthardf9@google.cn,Male
Elise,edysterfa@drupal.org,Genderqueer
Emmet,etesyrofb@accuweather.com,Male
Lina,lbirdwhistellfc@unblog.fr,Female
Charmion,casalsfd@deviantart.com,Female
Valerie,vshevlinfe@miitbeian.gov.cn,Female
Monroe,mreederff@jalbum.net,Male
Em,ewoodcraftfg@apache.org,Female
Paulo,pfernandezfh@tuttocitta.it,Male
Ibrahim,imanderfi@netvibes.com,Male
Ariela,abarmbyfj@vistaprint.com,Agender
Corri,cmcgurkfk@ovh.net,Polygender
Toddie,tkeppfl@clickbank.net,Genderqueer
Lee,lborrettfm@nbcnews.com,Female
Darsey,ddyterfn@jiathis.com,Female
Lanny,lborzonefo@pinterest.com,Male
Dieter,dbugbeefp@freewebs.com,Male
Alma,amableyfq@businesswire.com,Female
Georgetta,gclaybournefr@dagondesign.com,Female
Kristopher,kpiggenfs@intel.com,Male
Martino,mstienhamft@si.edu,Male
Joannes,jgeorgievfu@hugedomains.com,Female
Konstantin,kmeenehanfv@ow.ly,Male
Honoria,hkirknessfw@printfriendly.com,Female
Henri,hmartinyukfx@dropbox.com,Male
Eleni,emoxhamfy@google.com,Female
Florry,fdanihelfz@sun.com,Female
Sonnie,shafnerg0@oracle.com,Male
Jolee,jborlessg1@arstechnica.com,Female
Kristos,kzouchg2@gnu.org,Male
Carlin,cbothwellg3@facebook.com,Male
Janie,jstevensong4@shop-pro.jp,Agender
Jana,jblenkirong5@mapquest.com,Female
Waylan,wdraneg6@mozilla.com,Male
Kirbie,knewcomeg7@sphinn.com,Female
Jessie,jgrabertg8@meetup.com,Female
Marlowe,mgianiellog9@t.co,Male
Chick,ckellartga@cnn.com,Male
Lethia,lziemegb@cafepress.com,Female
Shay,sdeclerqgc@friendfeed.com,Male
Micky,mwhinraygd@prweb.com,Genderqueer
Anabel,abaudinoge@paginegialle.it,Female
Dotti,droderickgf@ed.gov,Female
Annaliese,astrodegg@freewebs.com,Female
Boyce,bfihellygh@globo.com,Male
Giulio,grekesgi@chicagotribune.com,Male
Minor,mmattkegj@storify.com,Male
Leonora,lmartygingk@posterous.com,Female
Micky,mchastainggl@yandex.ru,Male
Koren,kgravellgm@plala.or.jp,Female
Kristin,kbanthamgn@xinhuanet.com,Female
Quentin,qstelljesgo@posterous.com,Female
Karmen,kguidengp@cornell.edu,Female
Garrot,gonealgq@jalbum.net,Male
Billy,byakobowitzgr@tripod.com,Male
Lemmie,lpoylegs@ycombinator.com,Male
Clement,ccobelligt@pinterest.com,Male
Catha,cgarlicgu@cnet.com,Bigender
Broderick,bgammellgv@blogspot.com,Male
Kliment,khooppergw@vkontakte.ru,Male
Jolee,jbillettgx@over-blog.com,Female
Hurleigh,hfrowengy@google.com.br,Genderqueer
Pat,preeksgz@miibeian.gov.cn,Female
Deanna,dfrailh0@mashable.com,Female
Faber,fwhitesideh1@unc.edu,Male
Thomasa,tshowalterh2@jugem.jp,Female
Alex,adasth3@wunderground.com,Female
Betty,bsullerh4@google.nl,Female
Lucius,lrenonh5@fema.gov,Male
Franny,fspeachleyh6@blogspot.com,Male
Honor,hquinaneh7@zimbio.com,Female
Felice,fgentiryh8@1und1.de,Female
Allie,abrookbankh9@bizjournals.com,Male
Joshua,jwhapplesha@ucoz.com,Male
Leland,lprestigehb@cbsnews.com,Male
Bartlett,bfadianhc@bizjournals.com,Male
Lulita,lfronkshd@g.co,Female
Aida,ahuncoothe@thetimes.co.uk,Female
Matthaeus,maylenhf@dmoz.org,Male
Chic,cmaffullihg@apple.com,Male
Donny,ddanielianhh@ebay.com,Male
Eamon,emickanhi@facebook.com,Genderfluid
Fredrika,ffoucherhj@wired.com,Female
Pierre,pglayzerhk@house.gov,Male
Mariele,mdablehl@biblegateway.com,Female
Fay,fhousinhm@tiny.cc,Female
Juline,jasplinghn@who.int,Female
Konstanze,kkarolyho@chicagotribune.com,Female
Carie,cnowaczykhp@unicef.org,Female
Gregoor,gbueyhq@miitbeian.gov.cn,Male
Charlot,cgoeringhr@sina.com.cn,Female
Nedi,nspellmanhs@oracle.com,Female
Laurence,lmertgenht@studiopress.com,Male
Earlie,eheffernanhu@delicious.com,Male
Georgeanna,gfilsonhv@multiply.com,Female
Waite,wninnottihw@slideshare.net,Male
Wilek,wpavlasekhx@sbwire.com,Male
Sergei,sbonnhy@bandcamp.com,Male
Derk,dpakenhamhz@ed.gov,Male
Darcy,dquodlingi0@blinklist.com,Female
Yancy,ymatschkei1@typepad.com,Non-binary
Grantham,ggeoghegani2@utexas.edu,Male
Dewie,dmoulsdalli3@jiathis.com,Male
Wilmer,wdimanchei4@shutterfly.com,Male
Dorette,dstiffi5@npr.org,Female
Tine,tdelafonti6@theguardian.com,Female
Berti,byezafovichi7@narod.ru,Female
Ruy,rrisleyi8@twitpic.com,Male
Julianna,jwabeyi9@npr.org,Female
Chryste,cchildsia@blog.com,Non-binary
Nance,ncloggib@soundcloud.com,Female
Aaron,ahardyic@usnews.com,Male
Etienne,emcgrearyid@tiny.cc,Male
Cindi,cwardleyie@drupal.org,Female
Abdel,ameckiffif@dyndns.org,Male
Gregoor,gjoseburyig@indiegogo.com,Male
Morissa,mhurburtih@ameblo.jp,Female
Georgia,gwestwellii@irs.gov,Female
Kali,kcisecij@shutterfly.com,Bigender
Minerva,mmacallisterik@bizjournals.com,Female
Alecia,apetrovil@g.co,Female
Cathleen,ckuzemkaim@xrea.com,Female
Gerry,gfollissin@plala.or.jp,Female
Odey,opercivalio@dailymail.co.uk,Male
Lucila,lkubalip@engadget.com,Female
Rockey,rcolicotiq@paypal.com,Male
Rosabelle,rlorrieir@theatlantic.com,Polygender
Ive,ikaretis@fda.gov,Male
Marcy,mjoriozit@wisc.edu,Female
Christalle,cpennettaiu@elegantthemes.com,Female
Arlee,amartelliv@wordpress.com,Polygender
Harmon,hmylaniw@yolasite.com,Male
Lilli,lantukix@zimbio.com,Female
Arlene,aleddyiy@google.es,Female
Chryste,cbondariz@about.me,Female
Chantalle,crymourj0@furl.net,Female
Katey,kburnittj1@fda.gov,Female
Lilian,lgiannazzoj2@army.mil,Female
Sarge,sswatej3@mtv.com,Bigender
Lee,laggioj4@biglobe.ne.jp,Male
Wallie,wgreenmonj5@sohu.com,Male
Tonia,tungerj6@surveymonkey.com,Female
Fulton,ftonbridgej7@ft.com,Male
Rowena,rsimchenkoj8@blinklist.com,Female
Darius,ddodj9@bandcamp.com,Male
Christoper,cgeraschja@joomla.org,Agender
Taffy,teveraljb@artisteer.com,Female
Kerry,kandrassyjc@si.edu,Male
Vonni,vheggsjd@chron.com,Female
Merla,mduffanje@oracle.com,Female
Yancey,ytylerjf@go.com,Male
Torey,tcheethamjg@livejournal.com,Male
Dael,dsparksjh@fda.gov,Female
Reinwald,resmeadji@unblog.fr,Genderfluid
Clifford,cbenamjj@reference.com,Male
Sylas,sargabritejk@bloglovin.com,Male
Ave,alowcockjl@gizmodo.com,Male
Jolyn,jbatallejm@virginia.edu,Genderqueer
Bertie,bdukesburyjn@dropbox.com,Male
Leontyne,lbramleyjo@google.cn,Female
Franchot,ffairholmjp@cisco.com,Male
Annadiane,aflowersjq@huffingtonpost.com,Female
Joyan,jwoolmorejr@shop-pro.jp,Female
Cletis,csparhawkjs@wikia.com,Male
Ashly,abrindedjt@dailymail.co.uk,Female
Wilmer,wglassoppju@networkadvertising.org,Male
Justine,jdumbeltonjv@businessinsider.com,Female
Ricki,rjanmanjw@upenn.edu,Male
Ara,afessierjx@hp.com,Male
Gaelan,gvandrieljy@elegantthemes.com,Male
Dennet,dcollopyjz@free.fr,Male
Hewet,hstutk0@dion.ne.jp,Male
Alphard,atomczykiewiczk1@yelp.com,Male
Madel,mgerardotk2@studiopress.com,Female
Alejandra,amauldenk3@clickbank.net,Female
Clarisse,clidingtonk4@example.com,Female
Roobbie,rtibbettsk5@dailymail.co.uk,Female
Sharona,ssmoothk6@dmoz.org,Female
Faulkner,fdowearsk7@de.vu,Non-binary
Eloisa,elevittk8@loc.gov,Female
Lilia,lbalchenk9@shinystat.com,Female
Becki,bmattackska@stanford.edu,Female
Osmund,owitchellkb@360.cn,Male
Celestyn,csplevinskc@goo.ne.jp,Female
Reinwald,rhudelkd@acquirethisname.com,Male
Halsy,hsarginsonke@webmd.com,Male
Walliw,wcavillekf@wufoo.com,Agender
Christoffer,clabonekg@uol.com.br,Male
Lutero,lbiaggellikh@reuters.com,Male
Perle,pblythinki@discuz.net,Female
Flossie,fcampsallkj@meetup.com,Female
Therine,tturkkk@cbsnews.com,Female
Lucky,libanezkl@issuu.com,Female
Frances,fkingettkm@mashable.com,Female
Alfie,arobertellikn@blogspot.com,Male
Stafford,sbattenko@sciencedaily.com,Agender
Leonelle,lplaskettkp@yahoo.co.jp,Female
Euell,esizlandkq@ftc.gov,Male
Eal,egoslingkr@marriott.com,Male
Jan,jliefks@cnet.com,Genderfluid
Olin,ovaadelandkt@plala.or.jp,Male
Clayson,cmackledenku@typepad.com,Male
Inesita,ibaxandallkv@cornell.edu,Female
Ardelia,aleverittkw@skype.com,Female
Lonnie,lneelykx@va.gov,Male
Lanita,lbrunelky@wufoo.com,Female
Artur,apedlerkz@ezinearticles.com,Genderfluid
Renata,rtebbl0@twitpic.com,Female
Even,etieraneyl1@github.com,Male
Freddie,fcrofthwaitel2@usnews.com,Female
Maison,mginglel3@time.com,Male
Ardelle,aweinl4@youku.com,Female
Kerry,klewishaml5@sourceforge.net,Female
Brocky,bricciardiellol6@ed.gov,Male
Vladamir,vlevershal7@ning.com,Male
Starlene,smoulsdalel8@cocolog-nifty.com,Non-binary
Danni,djumeaul9@ask.com,Female
Micaela,mranshawla@usgs.gov,Female
Adi,amartignonlb@blogtalkradio.com,Female
Chadwick,cgrayshanlc@ifeng.com,Male
Lory,ldycheld@arstechnica.com,Female
Frasquito,fparncuttle@psu.edu,Male
Juliana,jarguilelf@istockphoto.com,Female
Dania,ddemogelg@springer.com,Female
Ermentrude,elonglandlh@nydailynews.com,Female
Nevin,nboissierli@cnet.com,Male
Caitrin,cjoynerlj@newyorker.com,Female
Ebba,etoulminlk@biblegateway.com,Female
Dane,dmcmurrayll@google.com.au,Male
Merrile,mtolanlm@skyrock.com,Female
Aldin,ablackstoneln@nydailynews.com,Male
Antonino,astubbertlo@typepad.com,Male
Mace,mpharolp@friendfeed.com,Male
Dimitri,dbarneveldlq@psu.edu,Male
Sophie,sfoulghamlr@senate.gov,Female
Melanie,meakenls@rediff.com,Female
Merilyn,msabylt@google.com,Female
Claudio,cfreshwaterlu@drupal.org,Genderqueer
Tucky,tleblanclv@opensource.org,Male
Dulsea,dleachlw@examiner.com,Female
Cherlyn,cwhimperlx@hubpages.com,Female
Wolfy,wboothebiely@mail.ru,Male
Moe,mdinsdalelz@foxnews.com,Male
Tasia,tlewensm0@patch.com,Female
Timmie,tfredym1@seesaa.net,Female
Darrel,dgilberthorpem2@telegraph.co.uk,Male
Quinn,qpoffm3@newsvine.com,Female
Michel,msackettm4@sitemeter.com,Male
Alidia,avoycem5@mapquest.com,Non-binary
Valenka,veagarm6@t.co,Bigender
Gisele,grelfem7@rambler.ru,Female
Kenny,kmunnionm8@walmart.com,Male
Shanda,sdustm9@newyorker.com,Female
Joell,jadiscotma@clickbank.net,Bigender
Randell,rshippammb@creativecommons.org,Male
Eirena,everissimomc@mozilla.com,Bigender
Shandeigh,sbunchmd@clickbank.net,Female
Theodore,tguerrime@uol.com.br,Male
Beulah,blambertmf@mozilla.org,Female
Clerissa,cshouttmg@noaa.gov,Female
Gilles,gsalwaymh@ask.com,Male
Conney,cmcmullenmi@buzzfeed.com,Male
Marchall,mbarratmj@google.com,Male
Xaviera,xkobierieckimk@canalblog.com,Female
Chrystal,cadrainml@gizmodo.com,Female
Anallese,arozyckimm@who.int,Female
Dav,dtucknuttmn@cornell.edu,Male
Lita,lbenainemo@google.de,Female
Stuart,sbordmanmp@deliciousdays.com,Male
Bail,btintomq@google.co.jp,Male
Loutitia,lsivilmr@youku.com,Female
Gene,gcoramms@liveinternet.ru,Male
Jessie,jocooneymt@360.cn,Male
Padriac,preamsmu@mtv.com,Polygender
Natale,ndustingmv@flavors.me,Male
Ari,alangfittmw@comsenz.com,Male
Lucita,ldanielssonmx@ocn.ne.jp,Female
L;urette,lsinniemy@amazon.co.uk,Female
Frants,ffloatmz@bloomberg.com,Male
Willi,wmckelvien0@ucoz.ru,Female
Olivier,ocoffinn1@blogtalkradio.com,Male
Rudy,rcomrien2@cdbaby.com,Male
Gay,gcorden3@squidoo.com,Male
Gabbey,ggainsburghn4@google.cn,Female
Flo,fibbottn5@senate.gov,Female
Melony,mdulanyn6@pcworld.com,Non-binary
Moira,mbowickn7@cbc.ca,Female
Roseanne,rpinern8@csmonitor.com,Female
Connor,cboonen9@google.ca,Male
Burnaby,bclemowna@google.ca,Male
Tommie,tfrancnb@edublogs.org,Male
Arlana,adenvernc@bbc.co.uk,Female
Francyne,fscynernd@google.it,Female
Arvie,alomanseyne@miitbeian.gov.cn,Male
Brittani,blowinnf@sun.com,Female
Shandeigh,sfeatherstonehaughng@craigslist.org,Female
Toma,tbalfournh@homestead.com,Female
Laurens,lmacgettigenni@wunderground.com,Non-binary
Fran,flucenj@mozilla.com,Female
Osmond,ostanlacknk@spotify.com,Male
Rosabelle,rbroadhurstnl@ustream.tv,Female
Cleve,cblacklynm@fc2.com,Male
Karlen,kvowlesnn@shareasale.com,Female
Vere,vloggieno@nydailynews.com,Female
Becky,bandreenp@hexun.com,Female
Lon,lmattisssennq@buzzfeed.com,Male
Anderson,abozwardnr@abc.net.au,Male
Hanan,hlapleyns@cornell.edu,Male
Kamillah,ksuttillnt@jimdo.com,Female
Alisa,abackshawnu@cyberchimps.com,Female
Forester,fcarmodynv@unc.edu,Male
Ferd,fdesesquellenw@mayoclinic.com,Male
Hilarius,hsoldinx@umn.edu,Male
Haley,hesselny@twitter.com,Male
Janelle,jwetternnz@about.me,Female
Talbert,tlegistero0@hexun.com,Male
Tye,tlawlingo1@nih.gov,Male
Barbara-anne,bvirro2@google.com.br,Female
Shara,sdomenicio3@twitpic.com,Female
Field,fcarrabotto4@hao123.com,Male
Pietra,psorbyo5@github.com,Female
Duncan,djenckeso6@hhs.gov,Male
Cthrine,ccalbratheo7@auda.org.au,Female
Norris,nempsono8@google.co.uk,Male
Chantalle,corfeuro9@typepad.com,Female
Waylan,wbiltonoa@psu.edu,Male
Mahmud,mminguetob@narod.ru,Male
Nissie,nbathoeoc@slashdot.org,Female
Denis,davannod@apple.com,Male
Hephzibah,hcobsonoe@dagondesign.com,Female
Elnore,edooherof@mail.ru,Female
Wiley,wbeardsallog@bizjournals.com,Male
Thomasine,tpenhalurickoh@boston.com,Female
Lee,lsmalleyoi@cyberchimps.com,Female
Catherina,cbrahamoj@hp.com,Female
Biron,bhouldok@apache.org,Male
Carolann,csalleirol@wufoo.com,Female
Marc,mschadeom@youtube.com,Male
Tabbi,tdowdellon@virginia.edu,Female
Davon,dkeymaroo@mail.ru,Male
Hadria,hblomfieldop@cloudflare.com,Female
Hugues,hwatkinsonoq@google.com.hk,Male
Imojean,ileemanor@cbslocal.com,Female
Jourdain,jturnockos@alexa.com,Male
Darrick,dgustusot@businessweek.com,Male
Pincus,pscardifieldou@nyu.edu,Male
Ewell,eclementov@ca.gov,Male
Juieta,jbrummittow@reverbnation.com,Female
Stefano,scockinox@reverbnation.com,Male
Rainer,rstaddenoy@nifty.com,Male
Lars,lreganoz@twitter.com,Genderqueer
Kristyn,kdelascyp0@furl.net,Female
Melamie,mearlandp1@ihg.com,Female
Ermanno,emontelp2@amazonaws.com,Male
Ernesta,emaffuccip3@ed.gov,Female
Vallie,vwarmishamp4@bigcartel.com,Female
Arny,acrichtenp5@hostgator.com,Male
Brodie,bbaylessp6@plala.or.jp,Genderqueer
Dasha,dkillichp7@berkeley.edu,Female
Ellerey,ecursonsp8@utexas.edu,Male
Urbano,uclutheramp9@reddit.com,Male
Olivero,oharmespa@sourceforge.net,Male
Netty,nlegginpb@phpbb.com,Female
Dehlia,dmulberypc@theglobeandmail.com,Female
Ignace,ivaggspd@illinois.edu,Male
Sande,smilchpe@ted.com,Female
Vincents,vducarelpf@umn.edu,Non-binary
Berk,bseepg@canalblog.com,Male
Jamaal,jmacpakeph@themeforest.net,Male
Corby,clevepi@sbwire.com,Male
Nariko,nbattissonpj@stanford.edu,Female
Katina,kruddompk@flavors.me,Polygender
Dalli,dgerglerpl@elpais.com,Male
Forest,fbiaggiottipm@icq.com,Male
Hettie,horgenpn@rambler.ru,Female
Trish,tgrisdalepo@smh.com.au,Female
Thorn,tdeniscopp@acquirethisname.com,Male
Peg,psibthorppq@java.com,Female
Fedora,fhynepr@constantcontact.com,Female
Calhoun,cbussyps@nymag.com,Male
Dedie,dzuanpt@nasa.gov,Genderfluid
Ad,abenzapu@amazon.com,Male
Fredia,fmacdermidpv@livejournal.com,Female
Darb,delverstonpw@noaa.gov,Male
Osmund,ogodsmarkpx@gizmodo.com,Male
Rosalyn,rpaschkepy@berkeley.edu,Female
Ailee,ahowlingpz@cisco.com,Female
Marieann,mglasperq0@deliciousdays.com,Female
Sandor,sshipstonq1@altervista.org,Male
Fonz,fjorissenq2@abc.net.au,Male
Marshall,mhabbleq3@e-recht24.de,Non-binary
Carmita,ccarlsonq4@amazon.co.jp,Female
Bronny,bpetaschq5@irs.gov,Male
Sasha,swithnallq6@surveymonkey.com,Male
Trula,tyearronq7@sciencedirect.com,Female
Samaria,siwanickiq8@freewebs.com,Female
Gwenore,gcowieq9@icio.us,Female
Courtenay,cstanmoreqa@nsw.gov.au,Female
Titus,tslaynyqb@so-net.ne.jp,Genderqueer
Hillery,hwoodroughqc@purevolume.com,Male
Tucky,tfraniesqd@wordpress.com,Male
Laurette,lcrucettiqe@sciencedirect.com,Female
Ailina,aboycottqf@qq.com,Female
Aurlie,astubsqg@washingtonpost.com,Female
Bernadine,bliddallqh@loc.gov,Female
Redford,rtantumqi@rediff.com,Male
Finlay,fhardstaffqj@bloglovin.com,Male
Yolande,ybrantonqk@drupal.org,Female
Norah,nherrievenql@mozilla.com,Female
Maurine,mdriuzziqm@si.edu,Female
Jarad,jmarioneauqn@lulu.com,Genderfluid
Graeme,gcampelliqo@nydailynews.com,Male
Avril,ajordinqp@seesaa.net,Female
Hanan,hpoolqq@phoca.cz,Male
Yuma,yputtnamqr@cyberchimps.com,Male
Johnathon,jwharfeqs@google.co.jp,Male
Melina,mcanadaqt@wiley.com,Female
Zorana,zblabberqu@soundcloud.com,Female
Winnie,wtrottqv@feedburner.com,Female
Brandtr,bmendoncaqw@illinois.edu,Male
Laurie,lulyetqx@jalbum.net,Male
Yettie,ylamlinqy@yolasite.com,Female
Ripley,rfaichneyqz@issuu.com,Male
Herold,hlogesr0@nytimes.com,Male
Silvan,sgludorr1@nasa.gov,Male
Arnaldo,atrinbeyr2@livejournal.com,Male
Gustav,gcullonr3@linkedin.com,Male
Alanson,aludlammer4@woothemes.com,Male
Hazel,hlever5@addtoany.com,Male
Edwin,escardifieldr6@sogou.com,Agender
Phillipe,psowdenr7@weibo.com,Male
Dominique,dtruderr8@foxnews.com,Female
Mozes,mwyldborer9@amazonaws.com,Male
Itch,imatijasevicra@virginia.edu,Male
Papagena,pnorthedgerb@ucoz.com,Genderqueer
Hamid,hbedlerc@ocn.ne.jp,Male
Phil,phircherd@cam.ac.uk,Male
Camey,ctampenre@trellian.com,Male
Ulises,utibbrf@wp.com,Male
Jamey,jgammettrg@ow.ly,Male
Millie,mchidwickrh@tmall.com,Female
Guenna,gmacdavittri@phpbb.com,Female
Gaspard,gbeaversrj@sakura.ne.jp,Male
Candice,cheskinsrk@home.pl,Female
Jonell,jcancuttrl@toplist.cz,Bigender
Fred,fmccullumrm@salon.com,Female
Remington,rmccarlyrn@fda.gov,Male
Marcile,mtonepohlro@dagondesign.com,Female
Steward,sbalaisotrp@meetup.com,Non-binary
Vail,vrussonrq@gmpg.org,Male
Clarine,crubinowrr@youtube.com,Female
